risk_type,threshold,accepted_examples,coverage,errors,observed_risk,risk_upper_bound
provenance,0.0,871,1.0,0,0.0,0.003433509056820341
provenance,0.1210015215456664,871,1.0,0,0.0,0.003433509056820341
provenance,0.1210015688470472,870,0.9988518943742825,0,0.0,0.0034374488281208766
provenance,0.1296991161518179,869,0.9977037887485649,0,0.0,0.0034413976511601064
provenance,0.1694153975394045,868,0.9965556831228473,0,0.0,0.003445355557168823
provenance,0.1788066305727157,867,0.9954075774971297,0,0.0,0.003449322577521658
provenance,0.1890800902208696,866,0.9942594718714122,0,0.0,0.003453298743737909
provenance,0.1891153626274686,865,0.9931113662456946,0,0.0,0.0034572840874823743
provenance,0.1901079599313923,864,0.9919632606199771,0,0.0,0.003461278640566195
provenance,0.1908873612330003,863,0.9908151549942594,0,0.0,0.0034652824349477003
provenance,0.1910963571981778,862,0.9896670493685419,0,0.0,0.0034692955027332602
provenance,0.2122687604813078,861,0.9885189437428243,0,0.0,0.0034733178761781414
provenance,0.2126827903186907,860,0.9873708381171068,0,0.0,0.0034773495876873764
provenance,0.2144568349909206,859,0.9862227324913893,0,0.0,0.0034813906698166275
provenance,0.2233433319811246,858,0.9850746268656716,0,0.0,0.0034854411552730706
provenance,0.2793224582066979,857,0.983926521239954,0,0.0,0.0034895010769162697
provenance,0.301915984877972,856,0.9827784156142365,0,0.0,0.003493570467759071
provenance,0.3028340395846777,855,0.981630309988519,0,0.0,0.003497649360968496
provenance,0.3032754876437045,854,0.9804822043628014,0,0.0,0.003501737789866641
provenance,0.3043887020422729,853,0.9793340987370838,0,0.0,0.003505835787931587
provenance,0.3286781838411883,851,0.9770378874856487,0,0.0,0.0035140606262596126
provenance,0.3324996027231193,850,0.9758897818599311,0,0.0,0.003518187534267029
provenance,0.3504537458778792,849,0.9747416762342136,0,0.0,0.003522324146931779
provenance,0.3524405415896133,848,0.9735935706084959,0,0.0,0.003526470498525698
provenance,0.3592974010624219,847,0.9724454649827784,0,0.0,0.0035306266234821854
provenance,0.3647303703475087,846,0.9712973593570609,0,0.0,0.003534792556397157
provenance,0.3654677333808225,845,0.9701492537313433,0,0.0,0.0035389683320300063
provenance,0.3677460417044401,844,0.9690011481056258,0,0.0,0.003543153985304571
provenance,0.3715522273796706,843,0.9678530424799081,0,0.0,0.003547349551310105
provenance,0.3763238076004602,841,0.965556831228473,0,0.0,0.0035557705627040762
provenance,0.3819468883086018,840,0.9644087256027555,0,0.0,0.0035599960791069685
provenance,0.3912631961469917,839,0.9632606199770379,0,0.0,0.0035642316502717385
provenance,0.394075639893361,838,0.9621125143513203,0,0.0,0.0035684773121295744
provenance,0.3972725291372844,837,0.9609644087256027,0,0.0,0.003572733100783074
provenance,0.4034779627307622,836,0.9598163030998852,0,0.0,0.003576999052507263
provenance,0.4055026276313092,835,0.9586681974741676,0,0.0,0.0035812752037506276
provenance,0.4188127749167479,834,0.9575200918484501,0,0.0,0.0035855615911361536
provenance,0.4214416098748351,833,0.9563719862227325,0,0.0,0.00358985825146237
provenance,0.4248204851563404,832,0.9552238805970149,0,0.0,0.0035941652217044043
provenance,0.4271018783697247,831,0.9540757749712974,0,0.0,0.0035984825390150393
provenance,0.4283977588854276,830,0.9529276693455798,0,0.0,0.0036028102407257867
provenance,0.4292929221545982,829,0.9517795637198623,0,0.0,0.0036071483643479577
provenance,0.4295910887412947,828,0.9506314580941446,0,0.0,0.0036114969475737504
provenance,0.4338943556935872,827,0.9494833524684271,0,0.0,0.003615856028277342
provenance,0.4466055899425902,826,0.9483352468427095,0,0.0,0.0036202256445159835
provenance,0.4492550029382824,825,0.947187141216992,0,0.0,0.0036246058345311134
provenance,0.450054149338413,824,0.9460390355912744,0,0.0,0.003628996636749468
provenance,0.453111531287544,823,0.9448909299655568,0,0.0,0.00363339808978421
provenance,0.4541758037408206,822,0.9437428243398392,0,0.0,0.003637810232436056
provenance,0.4588717090193424,821,0.9425947187141217,0,0.0,0.0036422331036944197
provenance,0.4592173291569389,820,0.9414466130884042,0,0.0,0.003646666742738558
provenance,0.4626367374450815,819,0.9402985074626866,0,0.0,0.0036511111889387295
provenance,0.4669144513811479,818,0.939150401836969,0,0.0,0.0036555664818573607
provenance,0.4676050378485187,817,0.9380022962112514,0,0.0,0.003660032661250217
provenance,0.4728986980650171,816,0.9368541905855339,0,0.0,0.0036645097670675885
provenance,0.4733253873027891,815,0.9357060849598163,0,0.0,0.0036689978394554767
provenance,0.4740380042013599,814,0.9345579793340988,0,0.0,0.0036734969187568003
provenance,0.4744348824468556,813,0.9334098737083811,0,0.0,0.0036780070455125994
provenance,0.4758865826671919,812,0.9322617680826636,0,0.0,0.0036825282604632556
provenance,0.4768598533098232,811,0.931113662456946,0,0.0,0.003687060604549718
provenance,0.4783394308108427,810,0.9299655568312285,0,0.0,0.0036916041189147372
provenance,0.4789821537566804,809,0.928817451205511,0,0.0,0.0036961588449041143
provenance,0.4800550941351564,808,0.9276693455797933,0,0.0,0.0037007248240679505
provenance,0.480055094378379,807,0.9265212399540758,0,0.0,0.0037053020981619145
provenance,0.4804005456348613,806,0.9253731343283582,0,0.0,0.0037098907091485133
provenance,0.4814751973795693,805,0.9242250287026407,0,0.0,0.003714490699198373
provenance,0.4817523973848859,804,0.9230769230769231,0,0.0,0.003719102110691535
provenance,0.4831254109539749,803,0.9219288174512055,0,0.0,0.0037237249862187524
provenance,0.4847842544731464,802,0.9207807118254879,0,0.0,0.003728359368582807
provenance,0.4851015690959342,801,0.9196326061997704,0,0.0,0.003733005300799824
provenance,0.4876119068631482,800,0.9184845005740528,0,0.0,0.003737662826100608
provenance,0.4888894118535559,799,0.9173363949483353,0,0.0,0.00374233198793198
provenance,0.4896265013572571,798,0.9161882893226176,0,0.0,0.003747012829958133
provenance,0.4902765763042007,797,0.9150401836969001,0,0.0,0.003751705396061988
provenance,0.4916616865179943,796,0.9138920780711826,0,0.0,0.003756409730346569
provenance,0.4919352704958739,795,0.912743972445465,0,0.0,0.003761125877136383
provenance,0.4925901467054699,794,0.9115958668197475,0,0.0,0.003765853880978812
provenance,0.4940753934884918,793,0.9104477611940298,0,0.0,0.0037705937866455174
provenance,0.4946944738718683,792,0.9092996555683123,0,0.0,0.00377534563913385
provenance,0.4948375282442085,791,0.9081515499425947,0,0.0,0.003780109483668277
provenance,0.496333984642998,790,0.9070034443168772,0,0.0,0.003784885365701817
provenance,0.4969492450329137,789,0.9058553386911596,0,0.0,0.0037896733309174804
provenance,0.4971406119887621,788,0.904707233065442,0,0.0,0.0037944734252297343
provenance,0.4981803217802776,787,0.9035591274397244,0,0.0,0.0037992856947859613
provenance,0.4981838220816481,786,0.9024110218140069,0,0.0,0.003804110185967945
provenance,0.4986393428027968,785,0.9012629161882894,0,0.0,0.0038089469453933575
provenance,0.4986946972494315,784,0.9001148105625718,0,0.0,0.00381379601991726
provenance,0.4991462473123526,783,0.8989667049368542,0,0.0,0.00381865745663362
provenance,0.4992959571872655,782,0.8978185993111366,0,0.0,0.0038235313028768293
provenance,0.4995406884317197,781,0.8966704936854191,0,0.0,0.0038284176062232445
provenance,0.5005555912027791,780,0.8955223880597015,0,0.0,0.003833316414492737
provenance,0.5014550506713017,779,0.894374282433984,0,0.0,0.0038382277757502475
provenance,0.5024665227424906,778,0.8932261768082663,0,0.0,0.0038431517383073622
provenance,0.5048851737425836,777,0.8920780711825488,0,0.0,0.003848088350723895
provenance,0.5048851829479633,776,0.8909299655568312,0,0.0,0.003853037661809486
provenance,0.5079515883335589,775,0.8897818599311137,0,0.0,0.003857999720625204
provenance,0.5086451780109836,774,0.8886337543053962,0,0.0,0.0038629745764851777
provenance,0.5104736205089144,773,0.8874856486796785,0,0.0,0.00386796227895822
provenance,0.5118028804068497,772,0.886337543053961,0,0.0,0.0038729628778694804
provenance,0.5118505967824151,771,0.8851894374282434,0,0.0,0.0038779764233020995
provenance,0.511895713410529,770,0.8840413318025259,0,0.0,0.003883002965598886
provenance,0.5120623318635991,769,0.8828932261768083,0,0.0,0.003888042555363995
provenance,0.5125174904923939,768,0.8817451205510907,0,0.0,0.0038930952434646352
provenance,0.513048326291632,767,0.8805970149253731,0,0.0,0.0038981610810327715
provenance,0.5133016522516908,766,0.8794489092996556,0,0.0,0.003903240119466856
provenance,0.5133024042248515,765,0.878300803673938,0,0.0,0.003908332410433562
provenance,0.5135603690430373,764,0.8771526980482205,0,0.0,0.003913438005869538
provenance,0.5135887518108069,763,0.8760045924225028,0,0.0,0.003918556957983177
provenance,0.5138433013725004,762,0.8748564867967853,0,0.0,0.003923689319256389
provenance,0.5138540430914048,761,0.8737083811710677,0,0.0,0.003928835142446395
provenance,0.5140367274303982,760,0.8725602755453502,0,0.0,0.003933994480587547
provenance,0.5142048047691298,759,0.8714121699196326,0,0.0,0.00393916738699313
provenance,0.5143819789293451,758,0.870264064293915,0,0.0,0.003944353915257215
provenance,0.5146343661606729,757,0.8691159586681975,0,0.0,0.003949554119256503
provenance,0.5146528010900141,756,0.8679678530424799,0,0.0,0.003954768053152189
provenance,0.5154331906564426,755,0.8668197474167624,0,0.0,0.0039599957713918514
provenance,0.5201766995354609,754,0.8656716417910447,0,0.0,0.0039652373287113315
provenance,0.5203317457709999,753,0.8645235361653272,0,0.0,0.003970492780136659
provenance,0.5214295436089375,752,0.8633754305396096,0,0.0,0.003975762180985968
provenance,0.5223543092797666,751,0.8622273249138921,0,0.0,0.003981045586871445
provenance,0.5239078755038306,750,0.8610792192881745,0,0.0,0.003986343053701278
provenance,0.5239894951718217,749,0.8599311136624569,0,0.0,0.003991654637681636
provenance,0.5240462276999727,748,0.8587830080367393,0,0.0,0.003996980395318649
provenance,0.52441255108889,747,0.8576349024110218,0,0.0,0.004002320383420418
provenance,0.5248839565503184,746,0.8564867967853043,0,0.0,0.004007674659099034
provenance,0.5251484312240023,745,0.8553386911595867,0,0.0,0.0040130432797726105
provenance,0.5254458984661144,744,0.8541905855338691,0,0.0,0.004018426303167338
provenance,0.5254921280268936,743,0.8530424799081515,0,0.0,0.004023823787319555
provenance,0.525493590165588,742,0.851894374282434,0,0.0,0.004029235790577832
provenance,0.5254941864489587,741,0.8507462686567164,0,0.0,0.004034662371605073
provenance,0.5257413876502415,740,0.8495981630309989,0,0.0,0.004040103589380634
provenance,0.5257567682423515,739,0.8484500574052812,0,0.0,0.004045559503202465
provenance,0.5258376939935758,738,0.8473019517795637,0,0.0,0.004051030172689261
provenance,0.5302672410346204,737,0.8461538461538461,0,0.0,0.0040565156577826314
provenance,0.5329719297885258,736,0.8450057405281286,0,0.0,0.004062016018749291
provenance,0.5335672179911872,735,0.8438576349024111,0,0.0,0.004067531316183272
provenance,0.5385538911330849,734,0.8427095292766934,0,0.0,0.004073061611008139
provenance,0.5433915480269756,733,0.8415614236509759,0,0.0,0.004078606964479241
provenance,0.5443344251117576,732,0.8404133180252583,0,0.0,0.004084167438185966
provenance,0.545613712778708,731,0.8392652123995408,0,0.0,0.004089743094054032
provenance,0.5474130720281076,730,0.8381171067738232,0,0.0,0.004095333994347772
provenance,0.5532980831838713,729,0.8369690011481056,0,0.0,0.0041009402016724626
provenance,0.5557742036144611,728,0.835820895522388,0,0.0,0.004106561778976654
provenance,0.5576650306317975,726,0.8335246842709529,0,0.0,0.004117851297048281
provenance,0.557735473754615,725,0.8323765786452354,0,0.0,0.004123519365450504
provenance,0.5583252846274039,723,0.8300803673938002,0,0.0,0.004134902442717262
provenance,0.5610742823475452,722,0.8289322617680827,0,0.0,0.004140617581340837
provenance,0.5618660096780818,721,0.8277841561423651,0,0.0,0.004146348540395888
provenance,0.567773449170625,720,0.8266360505166476,0,0.0,0.004152095385663651
provenance,0.5694576369171743,719,0.8254879448909299,0,0.0,0.004157858183290557
provenance,0.5712825244736157,718,0.8243398392652124,0,0.0,0.00416363699979077
provenance,0.5736460622629562,717,0.8231917336394948,0,0.0,0.004169431902048751
provenance,0.573646062263072,716,0.8220436280137773,0,0.0,0.00417524295732183
provenance,0.5740939156977712,715,0.8208955223880597,0,0.0,0.004181070233242815
provenance,0.5762623286676971,714,0.8197474167623421,0,0.0,0.004186913797822613
provenance,0.5766867246565742,713,0.8185993111366245,0,0.0,0.004192773719452874
provenance,0.5783275576552294,712,0.817451205510907,0,0.0,0.0041986500669086635
provenance,0.5799416898315922,711,0.8163030998851895,0,0.0,0.00420454290935115
provenance,0.5811586575396746,710,0.8151549942594719,0,0.0,0.004210452316330322
provenance,0.5824086312387123,709,0.8140068886337543,0,0.0,0.004216378357787718
provenance,0.5839318068900848,708,0.8128587830080367,0,0.0,0.004222321104059188
provenance,0.583942736764828,707,0.8117106773823192,0,0.0,0.004228280625877683
provenance,0.5842876192078738,706,0.8105625717566016,0,0.0,0.004234256994376052
provenance,0.5857943481906446,705,0.8094144661308841,0,0.0,0.004240250281089874
provenance,0.5867456314755533,704,0.8082663605051664,0,0.0,0.004246260557960319
provenance,0.587756487099585,703,0.8071182548794489,0,0.0,0.004252287897337021
provenance,0.5883742258436119,702,0.8059701492537313,0,0.0,0.004258332371980978
provenance,0.5883844086380444,701,0.8048220436280138,0,0.0,0.004264394055067485
provenance,0.5887833742783385,700,0.8036739380022963,0,0.0,0.0042704730201890894
provenance,0.5895869255675841,699,0.8025258323765786,0,0.0,0.004276569341358559
provenance,0.5896351445520889,698,0.801377726750861,0,0.0,0.0042826830930118975
provenance,0.5898052857968462,697,0.8002296211251435,0,0.0,0.004288814350011366
provenance,0.5898075427332713,696,0.799081515499426,0,0.0,0.0042949631876485405
provenance,0.5900778646091178,695,0.7979334098737084,0,0.0,0.004301129681647397
provenance,0.5901564074699976,694,0.7967853042479908,0,0.0,0.0043073139081674155
provenance,0.5902790504656957,693,0.7956371986222732,0,0.0,0.004313515943806721
provenance,0.5902957728844189,692,0.7944890929965557,0,0.0,0.004319735865605235
provenance,0.5902984716151597,691,0.7933409873708381,0,0.0,0.004325973751047881
provenance,0.5903000726030959,690,0.7921928817451206,0,0.0,0.004332229678067791
provenance,0.5903159950677902,689,0.7910447761194029,0,0.0,0.00433850372504955
provenance,0.5903294317770766,688,0.7898966704936854,0,0.0,0.0043447959708324815
provenance,0.5903380211023012,687,0.7887485648679678,0,0.0,0.004351106494713935
provenance,0.5904548762645336,686,0.7876004592422503,0,0.0,0.0043574353764526275
provenance,0.5904916772653862,685,0.7864523536165328,0,0.0,0.0043637826962719985
provenance,0.5905337704274795,684,0.7853042479908151,0,0.0,0.004370148534863607
provenance,0.5907215626942204,683,0.7841561423650976,0,0.0,0.004376532973390538
provenance,0.5926094588488141,682,0.78300803673938,0,0.0,0.004382936093490863
provenance,0.5944441510237072,681,0.7818599311136625,0,0.0,0.004389357977281117
provenance,0.5947908970496723,680,0.7807118254879449,0,0.0,0.004395798707359807
provenance,0.5954710294866205,679,0.7795637198622273,0,0.0,0.0044022583668109514
provenance,0.596430838798436,678,0.7784156142365097,0,0.0,0.004408737039207661
provenance,0.5964577331871971,677,0.7772675086107922,0,0.0,0.00441523480861573
provenance,0.598108176002794,676,0.7761194029850746,0,0.0,0.004421751759597288
provenance,0.5988328988813777,675,0.7749712973593571,0,0.0,0.004428287977214453
provenance,0.6001056048985431,674,0.7738231917336394,0,0.0,0.004434843547033042
provenance,0.6002298382626672,673,0.7726750861079219,0,0.0,0.0044414185551263025
provenance,0.6012057115938894,672,0.7715269804822044,0,0.0,0.004448013088078678
provenance,0.6022408898368559,671,0.7703788748564868,0,0.0,0.00445462723298961
provenance,0.6024101622470868,670,0.7692307692307693,0,0.0,0.004461261077477372
provenance,0.6029322779319095,669,0.7680826636050516,0,0.0,0.004467914709682941
provenance,0.6031857509476467,668,0.7669345579793341,0,0.0,0.004474588218273896
provenance,0.6034266357335503,667,0.7657864523536165,0,0.0,0.004481281692448361
provenance,0.6053555997056372,666,0.764638346727899,0,0.0,0.004487995221938979
provenance,0.6058939327140282,665,0.7634902411021814,0,0.0,0.00449472889701692
provenance,0.6061580265569214,664,0.7623421354764638,0,0.0,0.004501482808495925
provenance,0.6062090284871359,663,0.7611940298507462,0,0.0,0.004508257047736395
provenance,0.6071603296357814,662,0.7600459242250287,0,0.0,0.004515051706649505
provenance,0.6071809596758159,661,0.7588978185993112,0,0.0,0.004521866877701362
provenance,0.6072188041752045,659,0.756601607347876,0,0.0,0.004535559128885619
provenance,0.6073063429702067,658,0.7554535017221584,0,0.0,0.004542436396762836
provenance,0.6073864205580953,657,0.7543053960964409,0,0.0,0.004549334552277017
provenance,0.6107285809307106,656,0.7531572904707233,0,0.0,0.004556253690732621
provenance,0.6108944359359456,655,0.7520091848450058,0,0.0,0.004563193908014778
provenance,0.6113700935957787,654,0.7508610792192881,0,0.0,0.004570155300593733
provenance,0.6125600256149414,653,0.7497129735935706,0,0.0,0.004577137965529306
provenance,0.612785431191797,652,0.748564867967853,0,0.0,0.004584142000475405
provenance,0.612790518960269,651,0.7474167623421355,0,0.0,0.00459116750368458
provenance,0.6136959236844483,650,0.746268656716418,0,0.0,0.0045982145740126185
provenance,0.6137801454201852,649,0.7451205510907003,0,0.0,0.004605283310923178
provenance,0.6139728340228057,648,0.7439724454649828,0,0.0,0.0046123738144924695
provenance,0.6153046495563046,647,0.7428243398392652,0,0.0,0.004619486185413978
provenance,0.6159151996460237,646,0.7416762342135477,0,0.0,0.00462662052500323
provenance,0.6159887705086716,645,0.7405281285878301,0,0.0,0.004633776935202602
provenance,0.6161609792386431,644,0.7393800229621125,0,0.0,0.00464095551858618
provenance,0.6162012299283273,643,0.7382319173363949,0,0.0,0.004648156378364659
provenance,0.6166535981389643,642,0.7370838117106774,0,0.0,0.004655379618390286
provenance,0.6167962078506782,641,0.7359357060849598,0,0.0,0.0046626253431618575
provenance,0.6168104530731056,640,0.7347876004592423,0,0.0,0.004669893657829755
provenance,0.6173646572872513,639,0.7336394948335246,0,0.0,0.004677184668201034
provenance,0.6176479799444587,638,0.7324913892078071,0,0.0,0.0046844984807445575
provenance,0.617748816003541,637,0.7313432835820896,0,0.0,0.004691835202596177
provenance,0.6178265096971923,636,0.730195177956372,0,0.0,0.004699194941563964
provenance,0.6178750419221849,635,0.7290470723306545,0,0.0,0.004706577806133497
provenance,0.6180340281191165,634,0.7278989667049368,0,0.0,0.0047139839054731805
provenance,0.618290947480586,633,0.7267508610792193,0,0.0,0.0047214133494396324
provenance,0.6183354257369332,632,0.7256027554535017,0,0.0,0.004728866248583121
provenance,0.6183481899691542,631,0.7244546498277842,0,0.0,0.004736342714153035
provenance,0.6184743412207724,630,0.7233065442020666,0,0.0,0.004743842858103431
provenance,0.6184925227299057,629,0.722158438576349,0,0.0,0.004751366793098615
provenance,0.6196532321151885,628,0.7210103329506314,0,0.0,0.004758914632518788
provenance,0.6200707605831728,627,0.7198622273249139,0,0.0,0.004766486490465734
provenance,0.6213135974015983,626,0.7187141216991964,0,0.0,0.004774082481768583
provenance,0.6237858270856261,625,0.7175660160734788,0,0.0,0.004781702721989599
provenance,0.6239189816224349,624,0.7164179104477612,0,0.0,0.004789347327430053
provenance,0.6240270516448597,623,0.7152698048220436,0,0.0,0.004797016415136133
provenance,0.6255487712251433,622,0.7141216991963261,0,0.0,0.004804710102904924
provenance,0.6255692909017797,621,0.7129735935706085,0,0.0,0.004812428509290432
provenance,0.6257919969412712,620,0.711825487944891,0,0.0,0.004820171753609678
provenance,0.62635888452217,619,0.7106773823191733,0,0.0,0.004827939955948845
provenance,0.6263979391694707,618,0.7095292766934558,0,0.0,0.004835733237169484
provenance,0.6272999528535856,617,0.7083811710677382,0,0.0,0.004843551718914788
provenance,0.6275610006588138,616,0.7072330654420207,0,0.0,0.004851395523615913
provenance,0.627851554099549,615,0.7060849598163031,0,0.0,0.0048592647744983754
provenance,0.6299021935955567,614,0.7049368541905855,0,0.0,0.0048671595955885015
provenance,0.6303381990387807,613,0.703788748564868,0,0.0,0.0048750801117199444
provenance,0.6305137267917595,612,0.7026406429391504,0,0.0,0.00488302644854026
provenance,0.6306292889380241,611,0.7014925373134329,0,0.0,0.0048909987325175585
provenance,0.6306534319662603,610,0.7003444316877153,0,0.0,0.0048989970909472085
provenance,0.6309463802724018,609,0.6991963260619977,0,0.0,0.004907021651958611
provenance,0.631207858624524,608,0.6980482204362801,0,0.0,0.0049150725445220485
provenance,0.6313298590383707,607,0.6969001148105626,0,0.0,0.0049231498984555816
provenance,0.6316914504521048,606,0.695752009184845,0,0.0,0.004931253844432041
provenance,0.631707891307106,605,0.6946039035591275,0,0.0,0.004939384513986065
provenance,0.6317772199315479,604,0.6934557979334098,0,0.0,0.004947542039521221
provenance,0.6320151236237562,603,0.6923076923076923,0,0.0,0.004955726554317181
provenance,0.6322969528474686,602,0.6911595866819747,0,0.0,0.004963938192537004
provenance,0.6323362722355493,601,0.6900114810562572,0,0.0,0.004972177089234438
provenance,0.6323584524048911,600,0.6888633754305397,0,0.0,0.004980443380361347
provenance,0.6323776846856684,599,0.687715269804822,0,0.0,0.004988737202775175
provenance,0.6324429875393447,598,0.6865671641791045,0,0.0,0.004997058694246506
provenance,0.6366030521095412,597,0.6854190585533869,0,0.0,0.00500540799346669
provenance,0.6381057023652265,596,0.6842709529276694,0,0.0,0.005013785240055545
provenance,0.6382348353797038,595,0.6831228473019518,0,0.0,0.005022190574569149
provenance,0.6384662832901163,594,0.6819747416762342,0,0.0,0.005030624138507688
provenance,0.6399927038104994,592,0.6796785304247991,0,0.0,0.00504757652542863
provenance,0.6401640670722839,591,0.6785304247990815,0,0.0,0.005056095636203851
provenance,0.6404304824123827,590,0.677382319173364,0,0.0,0.0050646435520059286
provenance,0.640624328940988,589,0.6762342135476463,0,0.0,0.005073220419176351
provenance,0.6406727686664142,588,0.6750861079219288,0,0.0,0.00508182638504959
provenance,0.6406819436236643,587,0.6739380022962113,0,0.0,0.005090461597961525
provenance,0.6409859210761943,586,0.6727898966704937,0,0.0,0.0050991262072579814
provenance,0.6412590633658759,585,0.6716417910447762,0,0.0,0.0051078203633033335
provenance,0.6429576404819441,584,0.6704936854190585,0,0.0,0.0051165442174892
provenance,0.6435886372635057,583,0.669345579793341,0,0.0,0.005125297922243234
provenance,0.6437579379542336,582,0.6681974741676234,0,0.0,0.005134081631038002
provenance,0.6439021852463438,581,0.6670493685419059,0,0.0,0.0051428954983999495
provenance,0.64393999622622,580,0.6659012629161883,0,0.0,0.005151739679918468
provenance,0.6439544052541024,579,0.6647531572904707,0,0.0,0.005160614332255043
provenance,0.6451458708071423,578,0.6636050516647531,0,0.0,0.005169519613152513
provenance,0.645435768120462,577,0.6624569460390356,0,0.0,0.005178455681444406
provenance,0.6454792180616672,576,0.661308840413318,0,0.0,0.005187422697064389
provenance,0.6459467492512833,575,0.6601607347876005,0,0.0,0.0051964208210558095
provenance,0.6462118694503592,574,0.6590126291618829,0,0.0,0.005205450215581332
provenance,0.6462395956334046,573,0.6578645235361653,0,0.0,0.005214511043932683
provenance,0.6462446056834332,572,0.6567164179104478,0,0.0,0.005223603470540495
provenance,0.646985627082471,571,0.6555683122847302,0,0.0,0.005232727660984252
provenance,0.6502135203311311,570,0.6544202066590127,0,0.0,0.005241883782002338
provenance,0.653035322112695,569,0.653272101033295,0,0.0,0.0052510720015022
provenance,0.6533689284391383,568,0.6521239954075775,0,0.0,0.005260292488570604
provenance,0.6534709000984876,567,0.6509758897818599,0,0.0,0.005269545413484014
provenance,0.6544786959682134,566,0.6498277841561424,0,0.0,0.005278830947719072
provenance,0.6554574351982991,565,0.6486796785304249,0,0.0,0.005288149263963185
provenance,0.655593044549561,564,0.6475315729047072,0,0.0,0.005297500536125241
provenance,0.655627724674224,563,0.6463834672789897,0,0.0,0.005306884939346418
provenance,0.6556480491594399,562,0.6452353616532721,0,0.0,0.005316302650011124
provenance,0.656372279916238,561,0.6440872560275546,0,0.0,0.005325753845758045
provenance,0.6567872078383753,560,0.642939150401837,0,0.0,0.005335238705491316
provenance,0.6572194690373789,559,0.6417910447761194,0,0.0,0.005344757409391807
provenance,0.6574847539380915,558,0.6406429391504018,0,0.0,0.005354310138928536
provenance,0.6584842272059243,557,0.6394948335246843,0,0.0,0.005363897076870195
provenance,0.6601086699994891,556,0.6383467278989667,0,0.0,0.005373518407296815
provenance,0.6627343650172216,555,0.6371986222732492,0,0.0,0.005383174315611538
provenance,0.6635726512973842,554,0.6360505166475315,0,0.0,0.005392864988552534
provenance,0.6645599249764109,552,0.6337543053960965,0,0.0,0.005412351382013508
provenance,0.6655123546210486,551,0.6326061997703789,0,0.0,0.005422147482793944
provenance,0.6667275313391811,550,0.6314580941446614,0,0.0,0.005431979108746308
provenance,0.6668060352241728,549,0.6303099885189437,0,0.0,0.005441846453467099
provenance,0.6668099136252866,548,0.6291618828932262,0,0.0,0.0054517497119620575
provenance,0.6676537508083449,547,0.6280137772675086,0,0.0,0.005461689080659019
provenance,0.6677967285254767,546,0.6268656716417911,0,0.0,0.005471664757420888
provenance,0.6700314290007663,545,0.6257175660160735,0,0.0,0.005481676941558783
provenance,0.6703944683742892,544,0.6245694603903559,0,0.0,0.005491725833845298
provenance,0.6709004591827583,543,0.6234213547646383,0,0.0,0.005501811636527931
provenance,0.6709592040194231,542,0.6222732491389208,0,0.0,0.005511934553342646
provenance,0.6712173148368735,541,0.6211251435132032,0,0.0,0.005522094789527595
provenance,0.6712206939623606,539,0.618828932261768,0,0.0,0.0055425280485551206
provenance,0.6720383425244598,538,0.6176808266360505,0,0.0,0.005552801489510546
provenance,0.672506637715344,537,0.616532721010333,0,0.0,0.005563113086090421
provenance,0.6725478532579222,536,0.6153846153846154,0,0.0,0.005573463051255
provenance,0.6725672149076184,535,0.6142365097588978,0,0.0,0.0055838515995523
provenance,0.6727027912712472,533,0.6119402985074627,0,0.0,0.005604745311765047
provenance,0.6727773675467423,532,0.6107921928817451,0,0.0,0.005615250912849584
provenance,0.6731742274382059,531,0.6096440872560276,0,0.0,0.005625795971435513
provenance,0.6735173219251458,530,0.6084959816303099,0,0.0,0.005636380710235384
provenance,0.6737156309406598,529,0.6073478760045924,0,0.0,0.005647005353641
provenance,0.6737324586760123,528,0.6061997703788748,0,0.0,0.005657670127739265
provenance,0.6737504851051286,527,0.6050516647531573,0,0.0,0.005668375260328229
provenance,0.6737834346702347,526,0.6039035591274398,0,0.0,0.005679120980933304
provenance,0.6738531289267838,525,0.6027554535017221,0,0.0,0.005689907520823669
provenance,0.673854207466816,524,0.6016073478760046,0,0.0,0.005700735113028856
provenance,0.6738595698972876,523,0.600459242250287,0,0.0,0.005711603992355542
provenance,0.6738610741787936,522,0.5993111366245695,0,0.0,0.005722514395404513
provenance,0.6738806048441458,521,0.5981630309988519,0,0.0,0.005733466560587833
provenance,0.6738871356529131,520,0.5970149253731343,0,0.0,0.005744460728146217
provenance,0.6739025008943015,519,0.5958668197474167,0,0.0,0.00575549714016659
provenance,0.6739246804561144,518,0.5947187141216992,0,0.0,0.005766576040599857
provenance,0.673932437369521,517,0.5935706084959816,0,0.0,0.005777697675278878
provenance,0.6739324526000124,516,0.5924225028702641,0,0.0,0.005788862291936657
provenance,0.6739364358862697,515,0.5912743972445464,0,0.0,0.005800070140224723
provenance,0.6739402565750039,514,0.5901262916188289,0,0.0,0.005811321471731754
provenance,0.6739524928118676,513,0.5889781859931114,0,0.0,0.005822616540002386
provenance,0.6739549099816403,512,0.5878300803673938,0,0.0,0.005833955600556271
provenance,0.6739552245904915,511,0.5866819747416763,0,0.0,0.005845338910907341
provenance,0.6739611835045046,510,0.5855338691159586,0,0.0,0.0058567667305833016
provenance,0.6739689295980985,509,0.5843857634902411,0,0.0,0.0058682393211453516
provenance,0.6739735391688693,508,0.5832376578645235,0,0.0,0.0058797569462081456
provenance,0.6744638697990079,507,0.582089552238806,0,0.0,0.005891319871459981
provenance,0.6759386701870252,506,0.5809414466130884,0,0.0,0.005902928364683229
provenance,0.6767994729238567,505,0.5797933409873708,0,0.0,0.005914582695775005
provenance,0.677200714526264,504,0.5786452353616532,0,0.0,0.005926283136768086
provenance,0.6777031334981776,503,0.5774971297359357,0,0.0,0.005938029961852077
provenance,0.6782243795140613,502,0.5763490241102182,0,0.0,0.00594982344739483
provenance,0.6788754633916202,501,0.5752009184845006,0,0.0,0.005961663871964115
provenance,0.6792230349871917,500,0.574052812858783,0,0.0,0.005973551516349557
provenance,0.6818072969156562,499,0.5729047072330654,0,0.0,0.0059854866635848285
provenance,0.6825937848107043,498,0.5717566016073479,0,0.0,0.005997469598970111
provenance,0.6831544201761737,497,0.5706084959816303,0,0.0,0.006009500610094837
provenance,0.6833177473680001,496,0.5694603903559128,0,0.0,0.006021579986860684
provenance,0.6839696639100841,495,0.5683122847301951,0,0.0,0.006033708021504868
provenance,0.6842441592036038,494,0.5671641791044776,0,0.0,0.006045885008623712
provenance,0.6845872471573279,493,0.56601607347876,0,0.0,0.006058111245196492
provenance,0.6845872478305907,492,0.5648679678530425,0,0.0,0.006070387030609589
provenance,0.6850899292709792,491,0.563719862227325,0,0.0,0.006082712666680914
provenance,0.6854780142101827,490,0.5625717566016073,0,0.0,0.006095088457684659
provenance,0.6856652622841477,489,0.5614236509758898,0,0.0,0.006107514710376322
provenance,0.6858491930509869,488,0.5602755453501722,0,0.0,0.006119991734018057
provenance,0.6858678876719653,487,0.5591274397244547,0,0.0,0.006132519840404333
provenance,0.686335476094056,486,0.5579793340987371,0,0.0,0.006145099343887901
provenance,0.686887772200714,485,0.5568312284730195,0,0.0,0.006157730561406089
provenance,0.6869016309218056,484,0.5556831228473019,0,0.0,0.006170413812507422
provenance,0.6869046779666941,483,0.5545350172215844,0,0.0,0.00618314941937856
provenance,0.6873571749720797,482,0.5533869115958668,0,0.0,0.006195937706871589
provenance,0.6891345109490655,481,0.5522388059701493,0,0.0,0.006208779002531638
provenance,0.6892522306438892,480,0.5510907003444316,0,0.0,0.0062216736366248445
provenance,0.690907689624856,479,0.5499425947187141,0,0.0,0.006234621942166661
provenance,0.6926840009118089,478,0.5487944890929966,0,0.0,0.006247624254950538
provenance,0.6941863097348845,477,0.547646383467279,0,0.0,0.006260680913576937
provenance,0.694524815868229,476,0.5464982778415615,0,0.0,0.006273792259482732
provenance,0.6947152945054853,475,0.5453501722158438,0,0.0,0.006286958636970968
provenance,0.6955079670274742,474,0.5442020665901263,0,0.0,0.006300180393241
provenance,0.6964738041867472,473,0.5430539609644087,0,0.0,0.0063134578784190135
provenance,0.6966145043798724,472,0.5419058553386912,0,0.0,0.006326791445588929
provenance,0.6974234219236217,471,0.5407577497129736,0,0.0,0.006340181450823698
provenance,0.6977937102253189,470,0.539609644087256,0,0.0,0.006353628253217004
provenance,0.6991111343540755,469,0.5384615384615384,0,0.0,0.006367132214915361
provenance,0.6995009881615555,468,0.5373134328358209,0,0.0,0.006380693701150625
provenance,0.7000519181798714,467,0.5361653272101033,0,0.0,0.006394313080272921
provenance,0.7004765170498404,466,0.5350172215843858,0,0.0,0.006407990723783992
provenance,0.70076194413938,465,0.5338691159586682,0,0.0,0.006421727006370978
provenance,0.700919250881711,463,0.5315729047072331,0,0.0,0.006449377003653984
provenance,0.7012415636066984,462,0.5304247990815155,0,0.0,0.006463291483961419
provenance,0.7019501720859708,461,0.529276693455798,0,0.0,0.006477266134638269
provenance,0.7020625054640929,460,0.5281285878300803,0,0.0,0.006491301346820819
provenance,0.7020689210161943,459,0.5269804822043628,0,0.0,0.0065053975150428
provenance,0.7020744782691251,458,0.5258323765786452,0,0.0,0.0065195550372723595
provenance,0.7023896571853129,457,0.5246842709529277,0,0.0,0.0065337743149495135
provenance,0.702546903967319,456,0.5235361653272101,0,0.0,0.006548055753024089
provenance,0.7033314626046224,455,0.5223880597014925,0,0.0,0.006562399759994165
provenance,0.7041802858612739,454,0.521239954075775,0,0.0,0.006576806747945027
provenance,0.7042532963561835,453,0.5200918484500574,0,0.0,0.006591277132588619
provenance,0.7044461692623774,452,0.5189437428243399,0,0.0,0.006605811333303536
provenance,0.7048712805834458,451,0.5177956371986223,0,0.0,0.00662040977317554
provenance,0.7058329850985544,450,0.5166475315729047,0,0.0,0.006635072879038602
provenance,0.7059910790696992,449,0.5154994259471871,0,0.0,0.006649801081516518
provenance,0.7062036477526218,448,0.5143513203214696,0,0.0,0.006664594815065047
provenance,0.7062705810245775,447,0.513203214695752,0,0.0,0.006679454518014646
provenance,0.7067524730072863,446,0.5120551090700345,0,0.0,0.006694380632613753
provenance,0.7071587615600617,445,0.5109070034443168,0,0.0,0.00670937360507266
provenance,0.7079636322606475,444,0.5097588978185993,0,0.0,0.006724433885607981
provenance,0.7080490265166774,443,0.5086107921928817,0,0.0,0.006739561928487715
provenance,0.7113163763519019,441,0.5063145809414467,0,0.0,0.006770023138884018
provenance,0.7127667891553943,440,0.505166475315729,0,0.0,0.0067853572356076875
provenance,0.7137611351879787,439,0.5040183696900115,0,0.0,0.006800760953184459
provenance,0.7139529209153481,438,0.5028702640642939,0,0.0,0.006816234766836907
provenance,0.7145728379309604,437,0.5017221584385764,0,0.0,0.0068317791561225295
provenance,0.7153744023855445,436,0.5005740528128588,0,0.0,0.006847394604983281
provenance,0.7166144850646597,435,0.49942594718714123,0,0.0,0.006863081601795803
provenance,0.7168015864095377,434,0.49827784156142363,0,0.0,0.006878840639422332
provenance,0.7173244263871277,433,0.4971297359357061,0,0.0,0.006894672215262316
provenance,0.7179080054036079,432,0.49598163030998854,0,0.0,0.006910576831304751
provenance,0.7186954936661711,431,0.49483352468427094,0,0.0,0.006926554994181235
provenance,0.7196407844419352,430,0.4936854190585534,0,0.0,0.006942607215219763
provenance,0.7196954000964791,429,0.4925373134328358,0,0.0,0.00695873401049927
provenance,0.7199723160570708,428,0.49138920780711826,0,0.0,0.006974935900904944
provenance,0.7202903164490391,427,0.4902411021814007,0,0.0,0.006991213412184301
provenance,0.7208057396427057,426,0.4890929965556831,0,0.0,0.007007567075004056
provenance,0.7210798411705123,425,0.48794489092996557,0,0.0,0.007023997425007786
provenance,0.7214562371896217,424,0.48679678530424797,0,0.0,0.0070405050028744245
provenance,0.7215696943104065,423,0.4856486796785304,0,0.0,0.007057090354377554
provenance,0.7225042596283857,422,0.4845005740528129,0,0.0,0.007073754030445562
provenance,0.7233292343650577,421,0.4833524684270953,0,0.0,0.007090496587222648
provenance,0.7234121386844017,420,0.48220436280137774,0,0.0,0.00710731858613068
provenance,0.7235703103278118,419,0.48105625717566014,0,0.0,0.007124220593931966
provenance,0.7245404005323266,418,0.4799081515499426,0,0.0,0.007141203182792888
provenance,0.7248091508733618,417,0.47876004592422505,0,0.0,0.007158266930348477
provenance,0.7253062717006423,416,0.47761194029850745,0,0.0,0.007175412419767899
provenance,0.7258391480727243,415,0.4764638346727899,0,0.0,0.007192640239820895
provenance,0.7264220731442894,414,0.4753157290470723,0,0.0,0.007209950984945167
provenance,0.7264874718090436,413,0.47416762342135477,0,0.0,0.007227345255314755
provenance,0.7279753581469787,412,0.4730195177956372,0,0.0,0.007244823656909397
provenance,0.728701970870397,411,0.4718714121699196,0,0.0,0.007262386801584896
provenance,0.728890354569645,410,0.4707233065442021,0,0.0,0.0072800353071445206
provenance,0.7289944216873555,409,0.4695752009184845,0,0.0,0.007297769797411442
provenance,0.7293367812542707,408,0.46842709529276694,0,0.0,0.007315590902302243
provenance,0.7297745432616061,407,0.4672789896670494,0,0.0,0.007333499257901485
provenance,0.7302837933233772,405,0.46498277841561425,0,0.0,0.007369580296858687
provenance,0.7303754704285145,404,0.46383467278989665,0,0.0,0.007387754283912428
provenance,0.730464770527336,403,0.4626865671641791,0,0.0,0.0074060181292232
provenance,0.7308358386057571,402,0.46153846153846156,0,0.0,0.00742437250087332
provenance,0.7315556924825305,401,0.46039035591274396,0,0.0,0.007442818073584315
provenance,0.7320040650827301,400,0.4592422502870264,0,0.0,0.007461355528799602
provenance,0.7324080353451383,399,0.4580941446613088,0,0.0,0.007479985554768395
provenance,0.7326048456374389,398,0.4569460390355913,0,0.0,0.007498708846630895
provenance,0.7328926956444353,397,0.45579793340987373,0,0.0,0.007517526106504741
provenance,0.7332599943294773,396,0.45464982778415614,0,0.0,0.0075364380435727725
provenance,0.7335698747518379,395,0.4535017221584386,0,0.0,0.00755544537417213
provenance,0.7336043052349137,394,0.452353616532721,0,0.0,0.0075745488218846935
provenance,0.7347934084968262,393,0.45120551090700345,0,0.0,0.007593749117628904
provenance,0.734841570875825,392,0.4500574052812859,0,0.0,0.007613046999752984
provenance,0.7351270431854381,391,0.4489092996555683,0,0.0,0.0076324432141295796
provenance,0.7353402032518392,390,0.44776119402985076,0,0.0,0.007651938514251854
provenance,0.7354037599211496,389,0.44661308840413316,0,0.0,0.00767153366133107
provenance,0.7354891032748853,388,0.4454649827784156,0,0.0,0.00769122942439565
provenance,0.735990220188512,387,0.4443168771526981,0,0.0,0.007711026580391784
provenance,0.7361156011970731,386,0.4431687715269805,0,0.0,0.007730925914285606
provenance,0.7361167097246969,385,0.44202066590126293,0,0.0,0.007750928219166922
provenance,0.7364839578247013,384,0.44087256027554533,0,0.0,0.007771034296354584
provenance,0.7371615738879395,383,0.4397244546498278,0,0.0,0.007791244955503497
provenance,0.7373410823191517,382,0.43857634902411025,0,0.0,0.007811561014713293
provenance,0.7374809765383314,381,0.43742824339839265,0,0.0,0.007831983300638732
provenance,0.7377810472250691,380,0.4362801377726751,0,0.0,0.0078525126486018
provenance,0.7378815878857155,379,0.4351320321469575,0,0.0,0.007873149902705625
provenance,0.7381319905655562,378,0.43398392652123996,0,0.0,0.007893895915950147
provenance,0.7387026566336387,377,0.43283582089552236,0,0.0,0.007914751550349658
provenance,0.7388136208272463,376,0.4316877152698048,0,0.0,0.007935717677052178
provenance,0.7390720782890462,375,0.4305396096440873,0,0.0,0.007956795176460764
provenance,0.7391189431949189,374,0.4293915040183697,0,0.0,0.007977984938356737
provenance,0.7392086222761338,373,0.42824339839265213,0,0.0,0.007999287862024883
provenance,0.73923178012445,372,0.42709529276693453,0,0.0,0.008020704856380689
provenance,0.739424981041101,371,0.425947187141217,0,0.0,0.008042236840099592
provenance,0.7397805367479123,369,0.42365097588978184,0,0.0,0.008085649499918484
provenance,0.740037333257897,368,0.4225028702640643,0,0.0,0.008107532063362007
provenance,0.7410927857912546,367,0.4213547646383467,0,0.0,0.00812953339112921
provenance,0.7412155207386518,366,0.42020665901262916,0,0.0,0.008151654452708795
provenance,0.7415808151262431,365,0.4190585533869116,0,0.0,0.008173896228170283
provenance,0.7416791201620726,364,0.417910447761194,0,0.0,0.008196259708308755
provenance,0.7417211483954087,363,0.41676234213547647,0,0.0,0.00821874589479196
provenance,0.741767439540308,362,0.41561423650975887,0,0.0,0.008241355800309883
provenance,0.7417762060001578,361,0.41446613088404133,0,0.0,0.008264090448726764
provenance,0.7418049207472658,360,0.4133180252583238,0,0.0,0.008286950875235653
provenance,0.7418145693520257,359,0.4121699196326062,0,0.0,0.008309938126515513
provenance,0.7419236123467715,358,0.41102181400688864,0,0.0,0.008333053260890996
provenance,0.7421782268865451,357,0.40987370838117104,0,0.0,0.008356297348494829
provenance,0.742299106884347,356,0.4087256027554535,0,0.0,0.008379671471432974
provenance,0.7425176162401432,355,0.40757749712973596,0,0.0,0.008403176723952552
provenance,0.7430232133979447,354,0.40642939150401836,0,0.0,0.008426814212612592
provenance,0.7435415819848807,353,0.4052812858783008,0,0.0,0.00845058505645768
provenance,0.7456838868311594,352,0.4041331802525832,0,0.0,0.00847449038719455
provenance,0.7467657540667462,351,0.40298507462686567,0,0.0,0.008498531349371695
provenance,0.7473710337468172,350,0.4018369690011481,0,0.0,0.008522709100562015
provenance,0.7474011781106129,349,0.4006888633754305,0,0.0,0.008547024811548625
provenance,0.7475858228750288,348,0.399540757749713,0,0.0,0.008571479666513825
provenance,0.7483321819548499,346,0.39724454649827784,0,0.0,0.008620811613261874
provenance,0.7497996251544324,345,0.3960964408725603,0,0.0,0.008645691142152051
provenance,0.7500892274729313,344,0.3949483352468427,0,0.0,0.0086707146896368
provenance,0.7503492279077277,343,0.39380022962112515,0,0.0,0.008695883509845294
provenance,0.7505131757944911,342,0.39265212399540755,0,0.0,0.008721198871510443
provenance,0.7506394253431751,341,0.39150401836969,0,0.0,0.008746662058182102
provenance,0.7508337700299331,340,0.39035591274397247,0,0.0,0.008772274368443987
provenance,0.751182119031438,339,0.38920780711825487,0,0.0,0.008798037116134439
provenance,0.7521385939136228,338,0.3880597014925373,0,0.0,0.008823951630571075
provenance,0.7521492274900554,336,0.3857634902411022,0,0.0,0.008876241355725636
provenance,0.7532539070974835,335,0.38461538461538464,0,0.0,0.00890261930455333
provenance,0.7532707389302774,334,0.38346727898966704,0,0.0,0.008929154496824677
provenance,0.7540742461643224,333,0.3823191733639495,0,0.0,0.008955848342765811
provenance,0.7541211866410593,332,0.3811710677382319,0,0.0,0.008982702269516665
provenance,0.7542341351403213,331,0.38002296211251435,0,0.0,0.009009717721385292
provenance,0.7543325200595732,330,0.3788748564867968,0,0.0,0.009036896160106807
provenance,0.7550399723735997,329,0.3777267508610792,0,0.0,0.009064239065107034
provenance,0.7554271019742714,328,0.37657864523536166,0,0.0,0.009091747933770928
provenance,0.7558113966685578,327,0.37543053960964407,0,0.0,0.009119424281715922
provenance,0.7561083430957541,326,0.3742824339839265,0,0.0,0.009147269643070286
provenance,0.756181138017236,325,0.373134328358209,0,0.0,0.009175285570756576
provenance,0.75696300195327,324,0.3719862227324914,0,0.0,0.009203473636780323
provenance,0.7570190845223372,323,0.37083811710677383,0,0.0,0.009231835432524078
provenance,0.7573854621748628,322,0.36969001148105624,0,0.0,0.009260372569046865
provenance,0.7581241451533738,321,0.3685419058553387,0,0.0,0.009289086677389249
provenance,0.7585561200883402,320,0.36739380022962115,0,0.0,0.009317979408884071
provenance,0.7591707086778864,319,0.36624569460390355,0,0.0,0.009347052435473017
provenance,0.7596609220965693,318,0.365097588978186,0,0.0,0.009376307450029108
provenance,0.7597008487768485,317,0.3639494833524684,0,0.0,0.0094057461666853
provenance,0.7597888353394291,316,0.36280137772675086,0,0.0,0.009435370321169255
provenance,0.7612841113475443,315,0.3616532721010333,0,0.0,0.009465181671144483
provenance,0.7614378818775239,313,0.3593570608495982,0,0.0,0.009525373099994437
provenance,0.7619507209708446,312,0.3582089552238806,0,0.0,0.009555756807037344
provenance,0.7623524809258024,311,0.35706084959816303,0,0.0,0.009586334966636892
provenance,0.7624467740122817,310,0.3559127439724455,0,0.0,0.00961710945148506
provenance,0.7634447434101029,309,0.3547646383467279,0,0.0,0.009648082158397903
provenance,0.7637998901898909,308,0.35361653272101035,0,0.0,0.009679255008705265
provenance,0.7639589255981489,307,0.35246842709529275,0,0.0,0.009710629948648075
provenance,0.7641923787193876,306,0.3513203214695752,0,0.0,0.009742208949783376
provenance,0.7654597826873687,305,0.35017221584385766,0,0.0,0.009773994009397307
provenance,0.7663544565004019,304,0.34902411021814006,0,0.0,0.009805987150926182
provenance,0.766371931760222,303,0.3478760045924225,0,0.0,0.009838190424385856
provenance,0.7674886277361179,302,0.3467278989667049,0,0.0,0.009870605906809611
provenance,0.7680462496720109,301,0.3455797933409874,0,0.0,0.00990323570269468
provenance,0.7683229333013423,300,0.34443168771526983,0,0.0,0.009936081944457708
provenance,0.7684274456020971,299,0.34328358208955223,0,0.0,0.009969146792899267
provenance,0.7686395798023005,298,0.3421354764638347,0,0.0,0.010002432437677691
provenance,0.7697648381872074,297,0.3409873708381171,0,0.0,0.01003594109779244
provenance,0.7698921941376998,296,0.33983926521239954,0,0.0,0.010069675022077203
provenance,0.7701620177718393,295,0.338691159586682,0,0.0,0.010103636489702982
provenance,0.7706854754321298,294,0.3375430539609644,0,0.0,0.010137827810691393
provenance,0.7708705323963687,292,0.33524684270952926,0,0.0,0.010206909410248877
provenance,0.7712697038880014,291,0.3340987370838117,0,0.0,0.010241804467881841
provenance,0.7712865752758139,290,0.33295063145809417,0,0.0,0.010276938938107289
provenance,0.7714003098468999,289,0.33180252583237657,0,0.0,0.010312315293274256
provenance,0.7717916273599899,288,0.330654420206659,0,0.0,0.01034793603989076
provenance,0.772060697074787,287,0.32950631458094143,0,0.0,0.010383803719215767
provenance,0.772339760127831,286,0.3283582089552239,0,0.0,0.010419920907863547
provenance,0.7727211412587073,285,0.32721010332950634,0,0.0,0.010456290218420657
provenance,0.77275387258653,284,0.32606199770378874,0,0.0,0.010492914300075895
provenance,0.7746091665039792,283,0.3249138920780712,0,0.0,0.010529795839263547
provenance,0.7759870871927496,282,0.3237657864523536,0,0.0,0.010566937560320235
provenance,0.7762365611109201,281,0.32261768082663606,0,0.0,0.010604342226155734
provenance,0.7768326288660434,280,0.3214695752009185,0,0.0,0.010642012638938061
provenance,0.776962996748249,279,0.3203214695752009,0,0.0,0.01067995164079324
provenance,0.7776297432254033,278,0.31917336394948337,0,0.0,0.010718162114520074
provenance,0.7779263690560413,277,0.31802525832376577,0,0.0,0.010756646984320313
provenance,0.7780014881447065,276,0.3168771526980482,0,0.0,0.010795409216544632
provenance,0.7781009266543415,275,0.3157290470723307,0,0.0,0.01083445182045476
provenance,0.7781224569395765,274,0.3145809414466131,0,0.0,0.010873777849002238
provenance,0.7787749262916707,273,0.31343283582089554,0,0.0,0.010913390399624174
provenance,0.7788042127687205,272,0.31228473019517794,0,0.0,0.010953292615056471
provenance,0.7788474948740423,271,0.3111366245694604,0,0.0,0.010993487684164959
provenance,0.7793925577926176,270,0.3099885189437428,0,0.0,0.011033978842794865
provenance,0.7795909798188537,269,0.30884041331802525,0,0.0,0.011074769374639182
provenance,0.7799194669604398,268,0.3076923076923077,0,0.0,0.011115862612126295
provenance,0.7800634583622,267,0.3065442020665901,0,0.0,0.011157261937327516
provenance,0.7802296709374863,266,0.30539609644087257,0,0.0,0.011198970782884909
provenance,0.7807841317218484,265,0.30424799081515497,0,0.0,0.011240992632960056
provenance,0.7808841102598432,264,0.3030998851894374,0,0.0,0.011283331024204217
provenance,0.7810237960602615,263,0.3019517795637199,0,0.0,0.011325989546750532
provenance,0.7817684402044419,262,0.3008036739380023,0,0.0,0.011368971845228792
provenance,0.7820733686103879,261,0.29965556831228474,0,0.0,0.011412281619803413
provenance,0.7820959389255031,260,0.29850746268656714,0,0.0,0.011455922627235219
provenance,0.7827802687465899,259,0.2973593570608496,0,0.0,0.011499898681967692
provenance,0.7828441319072258,258,0.29621125143513205,0,0.0,0.011544213657238307
provenance,0.782863564619843,257,0.29506314580941445,0,0.0,0.011588871486215697
provenance,0.7831326593166186,256,0.2939150401836969,0,0.0,0.011633876163163281
provenance,0.7833490648657672,255,0.2927669345579793,0,0.0,0.011679231744630137
provenance,0.783449040968205,254,0.29161882893226176,0,0.0,0.011724942350669808
provenance,0.7834704552152489,253,0.2904707233065442,0,0.0,0.011771012166087877
provenance,0.7837545675934909,252,0.2893226176808266,0,0.0,0.01181744544171903
provenance,0.7847355053482881,251,0.2881745120551091,0,0.0,0.01186424649573449
provenance,0.7847605804220172,250,0.2870264064293915,0,0.0,0.011911419714980633
provenance,0.7850824516195688,249,0.28587830080367393,0,0.0,0.011958969556349652
provenance,0.7853731523289762,248,0.2847301951779564,0,0.0,0.012006900548183208
provenance,0.7867981648267215,247,0.2835820895522388,0,0.0,0.012055217291709924
provenance,0.7870313887690868,246,0.28243398392652125,0,0.0,0.012103924462517785
provenance,0.787362377883268,245,0.28128587830080365,0,0.0,0.012153026812062317
provenance,0.7877696684601042,244,0.2801377726750861,0,0.0,0.012202529169211666
provenance,0.7880009628818876,243,0.27898966704936856,0,0.0,0.01225243644182955
provenance,0.788856070514937,242,0.27784156142365096,0,0.0,0.012302753618397262
provenance,0.791455921647831,241,0.2766934557979334,0,0.0,0.012353485769675746
provenance,0.7916238836408328,240,0.2755453501722158,0,0.0,0.012404638050409016
provenance,0.7916389009115867,239,0.2743972445464983,0,0.0,0.01245621570107003
provenance,0.7924214063915604,238,0.27324913892078073,0,0.0,0.012508224049650319
provenance,0.7927531275417481,237,0.27210103329506313,0,0.0,0.012560668513494622
provenance,0.794473794604964,235,0.269804822043628,0,0.0,0.01266688791445393
provenance,0.7944765723892276,234,0.26865671641791045,0,0.0,0.012720674150193347
provenance,0.7948537788779075,233,0.2675086107921929,0,0.0,0.012774919102451881
provenance,0.7960230772166255,232,0.2663605051664753,0,0.0,0.01282962866453101
provenance,0.7960288812945008,231,0.26521239954075776,0,0.0,0.01288480883111619
provenance,0.7963985206581579,230,0.26406429391504016,0,0.0,0.0129404657004664
provenance,0.7967038706785242,229,0.2629161882893226,0,0.0,0.012996605476660697
provenance,0.7967071197413345,228,0.2617680826636051,0,0.0,0.013053234471903466
provenance,0.7969068406604207,227,0.2606199770378875,0,0.0,0.013110359108890239
provenance,0.7970123222737384,226,0.25947187141216993,0,0.0,0.013167985923235872
provenance,0.7983210421065052,225,0.25832376578645233,0,0.0,0.013226121565967051
provenance,0.7983210471577913,224,0.2571756601607348,0,0.0,0.013284772806081101
provenance,0.7993430233339579,223,0.25602755453501724,0,0.0,0.013343946533173192
provenance,0.7993908620233822,222,0.25487944890929964,0,0.0,0.01340364976013405
provenance,0.7994457256905556,221,0.2537313432835821,0,0.0,0.013463889625920418
provenance,0.7995458721803461,220,0.2525832376578645,0,0.0,0.013524673398400562
provenance,0.7998114074485597,219,0.25143513203214696,0,0.0,0.013586008477277178
provenance,0.8000255534720049,218,0.2502870264064294,0,0.0,0.013647902397090208
provenance,0.8001661435507219,217,0.24913892078071181,0,0.0,0.013710362830302095
provenance,0.8001960370183758,216,0.24799081515499427,0,0.0,0.013773397590468134
provenance,0.8007413672631941,215,0.2468427095292767,0,0.0,0.013837014635494704
provenance,0.8009761844574138,214,0.24569460390355913,0,0.0,0.013901222070988156
provenance,0.8011362972244738,213,0.24454649827784156,0,0.0,0.01396602815369743
provenance,0.8015650634168805,212,0.24339839265212398,0,0.0,0.014031441295053348
provenance,0.8016440664332393,211,0.24225028702640644,0,0.0,0.014097470064807879
provenance,0.8025175006570798,210,0.24110218140068887,0,0.0,0.014164123194776602
provenance,0.8025747178817695,209,0.2399540757749713,0,0.0,0.014231409582687845
provenance,0.8042169790973144,208,0.23880597014925373,0,0.0,0.014299338296142038
provenance,0.8048563014732872,207,0.23765786452353616,0,0.0,0.014367918576685021
provenance,0.8049125104413543,206,0.2365097588978186,0,0.0,0.01443715984399908
provenance,0.805368036298013,205,0.23536165327210104,0,0.0,0.014507071700215769
provenance,0.8061743013942736,204,0.23421354764638347,0,0.0,0.014577663934354638
provenance,0.8069014316211021,203,0.2330654420206659,0,0.0,0.014648946526892161
provenance,0.8076645501401809,202,0.23191733639494833,0,0.0,0.01472092965446539
provenance,0.8077522784229594,201,0.23076923076923078,0,0.0,0.014793623694714915
provenance,0.8079021525622359,200,0.2296211251435132,0,0.0,0.014867039231272056
provenance,0.8079021525623584,199,0.22847301951779564,0,0.0,0.01494118705889525
provenance,0.808061779431857,198,0.22732491389207807,0,0.0,0.015016078188760934
provenance,0.8084271638479175,197,0.2261768082663605,0,0.0,0.015091723853914272
provenance,0.8084334787315647,196,0.22502870264064295,0,0.0,0.015168135514885519
provenance,0.8087890748578245,195,0.22388059701492538,0,0.0,0.015245324865477817
provenance,0.8090240486975532,194,0.2227324913892078,0,0.0,0.01532330383873261
provenance,0.8100092260094099,193,0.22158438576349024,0,0.0,0.015402084613079039
provenance,0.8101309394291141,192,0.22043628013777267,0,0.0,0.015481679618674048
provenance,0.810295174526406,191,0.21928817451205512,0,0.0,0.015562101543939997
provenance,0.8107238506643123,190,0.21814006888633755,0,0.0,0.01564336334230715
provenance,0.811222732600072,189,0.21699196326061998,0,0.0,0.01572547823916844
provenance,0.8117924929691075,188,0.2158438576349024,0,0.0,0.015808459739054478
provenance,0.8122965620095983,187,0.21469575200918484,0,0.0,0.015892321633036825
provenance,0.8132450708291095,186,0.21354764638346727,0,0.0,0.01597707800636821
provenance,0.813707457139719,185,0.21239954075774972,0,0.0,0.016062743246368482
provenance,0.8144865575587731,184,0.21125143513203215,0,0.0,0.01614933205056557
provenance,0.8148858361596195,183,0.21010332950631458,0,0.0,0.01623685943510122
provenance,0.8149663036010802,182,0.208955223880597,0,0.0,0.016325340743411465
provenance,0.8151530361241869,181,0.20780711825487944,0,0.0,0.016414791655192464
provenance,0.8160336069847969,180,0.2066590126291619,0,0.0,0.016505228195662736
provenance,0.8163685116109607,179,0.20551090700344432,0,0.0,0.016596666745133146
provenance,0.8170370557570117,178,0.20436280137772675,0,0.0,0.0166891240488968
provenance,0.8173549078915241,177,0.20321469575200918,0,0.0,0.016782617227451294
provenance,0.8176621838844202,176,0.2020665901262916,0,0.0,0.016877163787066447
provenance,0.8177367260027093,175,0.20091848450057406,0,0.0,0.01697278163071123
provenance,0.8179491377219197,174,0.1997703788748565,0,0.0,0.01706948906935419
provenance,0.8180790412142295,173,0.19862227324913892,0,0.0,0.0171673048336524
provenance,0.8183706909756941,172,0.19747416762342135,0,0.0,0.017266248086044517
provenance,0.8189706636196541,171,0.19632606199770378,0,0.0,0.01736633843326445
provenance,0.8199281726970389,170,0.19517795637198623,0,0.0,0.017467595939292715
provenance,0.8206810696920136,169,0.19402985074626866,0,0.0,0.01757004113876349
provenance,0.8208709017784735,168,0.1928817451205511,0,0.0,0.01767369505084618
provenance,0.8212521659933569,167,0.19173363949483352,0,0.0,0.017778579193621188
provenance,0.8217034056155825,166,0.19058553386911595,0,0.0,0.01788471559897055
provenance,0.8221716230004579,165,0.1894374282433984,0,0.0,0.01799212682800506
provenance,0.8225580504219363,164,0.18828932261768083,0,0.0,0.018100835987050628
provenance,0.8233966651753866,163,0.18714121699196326,0,0.0,0.018210866744217537
provenance,0.8235073830101529,162,0.1859931113662457,0,0.0,0.018322243346577737
provenance,0.8241591006824908,161,0.18484500574052812,0,0.0,0.018434990637976174
provenance,0.824253237893712,160,0.18369690011481057,0,0.0,0.018549134077503755
provenance,0.8242675819735471,159,0.182548794489093,0,0.0,0.018664699758660745
provenance,0.8244890894543289,158,0.18140068886337543,0,0.0,0.018781714429240908
provenance,0.827511859487279,157,0.18025258323765786,0,0.0,0.01890020551196819
provenance,0.8280908226948898,156,0.1791044776119403,0,0.0,0.019020201125919445
provenance,0.8286621474410176,155,0.17795637198622274,0,0.0,0.019141730108768275
provenance,0.8302240024177908,154,0.17680826636050517,0,0.0,0.019264822039886983
provenance,0.8305101997866662,153,0.1756601607347876,0,0.0,0.01938950726434551
provenance,0.8311962441804721,152,0.17451205510907003,0,0.0,0.019515816917848237
provenance,0.8320876527553732,151,0.17336394948335246,0,0.0,0.019643782952651675
provenance,0.832569150625537,150,0.17221584385763491,0,0.0,0.01977343816450844
provenance,0.8352171585855457,148,0.16991963260619977,0,0.0,0.02003795168910416
provenance,0.8359422517903948,147,0.1687715269804822,0,0.0,0.020172880068663558
provenance,0.8363108255236558,146,0.16762342135476463,0,0.0,0.020309637820788727
provenance,0.8363263701298336,145,0.16647531572904709,0,0.0,0.02044826240227699
provenance,0.8368084921526571,144,0.1653272101033295,0,0.0,0.02058879229949585
provenance,0.8377741534642592,143,0.16417910447761194,0,0.0,0.020731267064000962
provenance,0.8378299995345463,142,0.16303099885189437,0,0.0,0.020875727349643054
provenance,0.8380144936100772,141,0.1618828932261768,0,0.0,0.02102221495123676
provenance,0.838267899859368,140,0.16073478760045926,0,0.0,0.021170772844868804
provenance,0.8390247153602572,139,0.15958668197474168,0,0.0,0.021321445229927013
provenance,0.8390847215976522,138,0.1584385763490241,0,0.0,0.021474277572936608
provenance,0.8396613984379563,137,0.15729047072330654,0,0.0,0.021629316653295025
provenance,0.8397719300068008,136,0.15614236509758897,0,0.0,0.021786610611001893
provenance,0.8400814706186377,135,0.1549942594718714,0,0.0,0.021946208996486485
provenance,0.8403712188850242,134,0.15384615384615385,0,0.0,0.022108162822640925
provenance,0.8406581222206405,133,0.15269804822043628,0,0.0,0.02227252461917391
provenance,0.8445334397833264,132,0.1515499425947187,0,0.0,0.022439348489406666
provenance,0.8446129758079804,131,0.15040183696900114,0,0.0,0.02260869016963998
provenance,0.8447866814958146,130,0.14925373134328357,0,0.0,0.02278060709122924
provenance,0.8449000095433037,129,0.14810562571756603,0,0.0,0.022955158445512647
provenance,0.8450987976072136,128,0.14695752009184845,0,0.0,0.023132405251746743
provenance,0.8456435966205528,127,0.14580941446613088,0,0.0,0.023312410428213085
provenance,0.8457791431204826,126,0.1446613088404133,0,0.0,0.023495238866670053
provenance,0.8464890533600417,125,0.14351320321469574,0,0.0,0.02368095751033484
provenance,0.8474895740763934,124,0.1423650975889782,0,0.0,0.02386963543559245
provenance,0.8498269251677926,123,0.14121699196326062,0,0.0,0.02406134393764123
provenance,0.8519048814071508,122,0.14006888633754305,0,0.0,0.02425615662029787
provenance,0.852791084432423,121,0.13892078071182548,0,0.0,0.024454149490199535
provenance,0.8528676112293285,120,0.1377726750861079,0,0.0,0.024655401055656376
provenance,0.8538799818610269,119,0.13662456946039037,0,0.0,0.024859992430424388
provenance,0.8546531952093492,118,0.1354764638346728,0,0.0,0.025068007442686766
provenance,0.8548075926858985,117,0.13432835820895522,0,0.0,0.025279532749551296
provenance,0.8555973783734577,116,0.13318025258323765,0,0.0,0.025494657957392263
provenance,0.8558588003079829,115,0.13203214695752008,0,0.0,0.025713475748387855
provenance,0.8567052244769551,114,0.13088404133180254,0,0.0,0.02593608201362844
provenance,0.859062587284837,113,0.12973593570608496,0,0.0,0.026162575993197205
provenance,0.8602673393251632,112,0.1285878300803674,0,0.0,0.02639306042365301
provenance,0.8614455775306352,111,0.12743972445464982,0,0.0,0.026627641693375757
provenance,0.8616602522298333,110,0.12629161882893225,0,0.0,0.02686643000626772
provenance,0.8617722428904636,109,0.1251435132032147,0,0.0,0.027109539554339916
provenance,0.8617825116047066,108,0.12399540757749714,0,0.0,0.027357088699751154
provenance,0.8621525771613329,107,0.12284730195177956,0,0.0,0.027609200166909383
provenance,0.8625882165648024,106,0.12169919632606199,0,0.0,0.027866001245290168
provenance,0.8632111788784144,105,0.12055109070034443,0,0.0,0.028127624003676396
provenance,0.863632683959783,104,0.11940298507462686,0,0.0,0.028394205516576565
provenance,0.865850184820651,103,0.1182548794489093,0,0.0,0.02866588810363698
provenance,0.8666911274128914,102,0.11710677382319173,0,0.0,0.028942819582926292
provenance,0.867123317407665,101,0.11595866819747416,0,0.0,0.029225153539039064
provenance,0.8674621904900089,100,0.1148105625717566,0,0.0,0.02951304960703993
provenance,0.8691321024845742,99,0.11366245694603903,0,0.0,0.029806673773350886
provenance,0.8707363956085077,98,0.11251435132032148,0,0.0,0.030106198694773108
provenance,0.8707796522431194,97,0.1113662456946039,0,0.0,0.0304118040369311
provenance,0.8715347822391235,96,0.11021814006888633,0,0.0,0.030723676833532828
provenance,0.8722125358822388,95,0.10907003444316878,0,0.0,0.03104201186795486
provenance,0.8728413389375574,94,0.1079219288174512,0,0.0,0.03136701207878765
provenance,0.8728737452586833,93,0.10677382319173363,0,0.0,0.031698888991114844
provenance,0.8728874601288537,92,0.10562571756601608,0,0.0,0.032037863175451715
provenance,0.872904368651035,91,0.1044776119402985,0,0.0,0.03238416473643444
provenance,0.8733981882532782,90,0.10332950631458095,0,0.0,0.03273803383353457
provenance,0.8746692262028503,89,0.10218140068886337,0,0.0,0.03309972123627414
provenance,0.875565210095969,88,0.1010332950631458,0,0.0,0.033469488916637424
provenance,0.876354095276438,87,0.09988518943742825,0,0.0,0.033847610681619573
provenance,0.8765166744803472,86,0.09873708381171067,0,0.0,0.034234372849120204
provenance,0.8770131139680875,85,0.09758897818599312,0,0.0,0.034630074970687034
provenance,0.8776947854916858,84,0.09644087256027555,0,0.0,0.035035030604942057
provenance,0.8779051741850924,83,0.09529276693455797,0,0.0,0.03544956814588504
provenance,0.8788552021427078,82,0.09414466130884042,0,0.0,0.03587403171067115
provenance,0.8791768859942912,81,0.09299655568312284,0,0.0,0.03630878209190426
provenance,0.8792356398692747,80,0.09184845005740529,0,0.0,0.036754197779982296
provenance,0.8796525760387046,79,0.09070034443168772,0,0.0,0.03721067606158026
provenance,0.8815535243440605,78,0.08955223880597014,0,0.0,0.03767863420096847
provenance,0.8825294805242322,77,0.08840413318025259,0,0.0,0.038158510711545454
provenance,0.8827865380437965,76,0.08725602755453502,0,0.0,0.0386507667257255
provenance,0.8829538571627393,75,0.08610792192881746,0,0.0,0.03915588747217123
provenance,0.8831455210392406,74,0.08495981630309989,0,0.0,0.03967438387031345
provenance,0.8831484941464585,73,0.08381171067738231,0,0.0,0.040206794253165846
provenance,0.8832131079631942,72,0.08266360505166476,0,0.0,0.04075368623063992
provenance,0.883463770601759,71,0.08151549942594719,0,0.0,0.041315658706909474
provenance,0.8839300876792774,70,0.08036739380022963,0,0.0,0.04189334406688858
provenance,0.8839635445287491,69,0.07921928817451206,0,0.0,0.04248741054859369
provenance,0.8841986162904223,68,0.07807118254879448,0,0.0,0.043098564820088364
provenance,0.8846309223078406,67,0.07692307692307693,0,0.0,0.043727554781889444
provenance,0.8850255444564067,66,0.07577497129735936,0,0.0,0.04437517261818429
provenance,0.8858234636795385,65,0.07462686567164178,0,0.0,0.04504225812301352
provenance,0.8872549396395566,64,0.07347876004592423,0,0.0,0.04572970233076245
provenance,0.88743728636522,63,0.07233065442020666,0,0.0,0.04643845148393823
provenance,0.8886375287705717,62,0.0711825487944891,0,0.0,0.04716951137535681
provenance,0.8891826607857709,61,0.07003444316877153,0,0.0,0.04792395210660732
provenance,0.8912760546797445,60,0.06888633754305395,0,0.0,0.04870291331009749
provenance,0.8934302072760656,59,0.0677382319173364,0,0.0,0.04950760988822693
provenance,0.8936827628984757,58,0.06659012629161883,0,0.0,0.0503393383304201
provenance,0.8939002276248994,57,0.06544202066590127,0,0.0,0.05119948367703922
provenance,0.895094849467404,56,0.0642939150401837,0,0.0,0.05208952720877943
provenance,0.8951343108511088,55,0.06314580941446613,0,0.0,0.05301105495125375
provenance,0.8951676860489834,54,0.06199770378874857,0,0.0,0.05396576709737626
provenance,0.8952287208152226,53,0.060849598163030996,0,0.0,0.054955488465177824
provenance,0.8957359243071631,52,0.05970149253731343,0,0.0,0.05598218012623554
provenance,0.8962009779980497,51,0.05855338691159587,0,0.0,0.057047952360442765
provenance,0.8962225512702572,50,0.0574052812858783,0,0.0,0.05815507911697226
provenance,0.8968214995800957,49,0.05625717566016074,0,0.0,0.059306014189697054
provenance,0.8976872683617243,48,0.05510907003444317,0,0.0,0.060503409348894296
provenance,0.8977282107588989,47,0.0539609644087256,0,0.0,0.06175013471082449
provenance,0.898277373464971,46,0.05281285878300804,0,0.0,0.06304930167405447
provenance,0.8991465683943072,45,0.05166475315729047,0,0.0,0.06440428880778348
provenance,0.8994614924592857,44,0.0505166475315729,0,0.0,0.06581877114493394
provenance,0.8998041100334926,43,0.04936854190585534,0,0.0,0.06729675341386783
provenance,0.9036198822455562,42,0.04822043628013777,0,0.0,0.06884260784039488
provenance,0.9039438611817148,41,0.04707233065442021,0,0.0,0.07046111727016406
provenance,0.9060132892788808,40,0.045924225028702644,0,0.0,0.07215752450551455
provenance,0.9061717536869474,39,0.04477611940298507,0,0.0,0.07393758892668655
provenance,0.9061757002859576,38,0.04362801377726751,0,0.0,0.07580765168296455
provenance,0.9064184295385926,37,0.04247990815154994,0,0.0,0.0777747110051379
provenance,0.9082377410313238,36,0.04133180252583238,0,0.0,0.07984650951989439
provenance,0.909275877011691,35,0.040183696900114814,0,0.0,0.08203163585667045
provenance,0.9104718071943972,34,0.03903559127439724,0,0.0,0.08433964335062537
provenance,0.913382529122174,33,0.03788748564867968,0,0.0,0.08678118929147494
provenance,0.9134559161766216,32,0.03673938002296211,0,0.0,0.08936819898626476
provenance,0.9138683976203826,31,0.03559127439724455,0,0.0,0.09211405994732372
provenance,0.9157459903287524,30,0.03444316877152698,0,0.0,0.09503385285530411
provenance,0.915895018854606,29,0.03329506314580941,0,0.0,0.0981446276772957
provenance,0.917077515386229,28,0.03214695752009185,0,0.0,0.10146573557272467
provenance,0.9172834558109426,27,0.030998851894374284,0,0.0,0.10501923017634426
provenance,0.9173932636221332,26,0.029850746268656716,0,0.0,0.1088303557607848
provenance,0.9174859354548456,25,0.02870264064293915,0,0.0,0.11292814500684321
provenance,0.9217689887821224,24,0.027554535017221583,0,0.0,0.11734615615494873
provenance,0.9225463570730098,23,0.02640642939150402,0,0.0,0.12212338890652301
provenance,0.9225698142134044,22,0.02525832376578645,0,0.0,0.12730543165483868
provenance,0.925717884463038,21,0.024110218140068886,0,0.0,0.13294591102652337
provenance,0.934958628532506,20,0.022962112514351322,0,0.0,0.13910834066826516
provenance,0.9366036373423864,19,0.021814006888633754,0,0.0,0.14586850331224344
provenance,0.9432900095883054,18,0.02066590126291619,0,0.0,0.1533175539572782
provenance,0.9434608781718028,17,0.01951779563719862,0,0.0,0.16156611126074005
provenance,0.9467007667818642,15,0.01722158438576349,0,0.0,0.18103627252208462
provenance,0.9494083353404216,14,0.016073478760045924,0,0.0,0.19263617565013527
provenance,0.9499251017171776,13,0.014925373134328358,0,0.0,0.20581666518655062
provenance,0.9499418878273744,12,0.013777267508610792,0,0.0,0.22092219194555582
provenance,0.9499419051098554,11,0.012629161882893225,0,0.0,0.2384041903808526
provenance,0.9500000217591112,10,0.011481056257175661,0,0.0,0.2588655508930522
provenance,0.9500000316762056,9,0.010332950631458095,0,0.0,0.28312883556311347
provenance,0.9500000340743388,8,0.009184845005740528,0,0.0,0.3123439780663678
provenance,0.9500000383690812,7,0.008036739380022962,0,0.0,0.34816365513116077
provenance,0.950000049980452,6,0.006888633754305396,0,0.0,0.39303776899708265
provenance,0.9500001543118008,5,0.0057405281285878304,0,0.0,0.45071972834694096
provenance,0.9500001567725728,4,0.004592422502870264,0,0.0,0.527129195498412
provenance,0.9500001594743396,3,0.003444316877152698,0,0.0,0.6315968501359612
provenance,0.9500002890461788,2,0.002296211251435132,0,0.0,0.776393202250021
provenance,0.9500012922616464,1,0.001148105625717566,0,0.0,0.95
provenance,1.0,0,0.0,0,,1.0
